Название;q
Москва, шоссе Варшавское, 120 сооружение;1
Москва, шоссе Варшавское, д 120 к 2;2
Москва, ул. Паршина, 14;3
Москва, Ленинский пр-т, 67к2;4
Москва, ул. дмитриевского, 16;5
Москва, улица Эдварда Грига, 17;6
Москва, ул. Академика Анохина, 56;7
Москва, Волгоградский проспект, 43к3;8
Москва, ул. Вилиса Лациса, 30с2;9
Москва, ул. Вилиса Лациса, 42;10
Москва, ул. Твардовского, 12;11
Москва, ул. Большая Переяславская, 52с1;12
Зеленоград, 846;13
Зеленоград, 2036;14
Зеленоград, 845;15
Зеленоград, 2022;16
Зеленоград, 2008;17
Зеленоград, ул. Новокрюковская, 3А;18
Зеленоград, ул. Андреевка, 31;19
Москва, ул. Ландышевая, 12;20
Москва, ул. Бахрушина, 13;21
Москва, Скандинавский бульвар, 7;22
Москва, ул. Агрохимиков, 15 А;23
Москва, ул. Корнейчука, 31;24
Москва, ул. Красных зорь, 33а;25
Коммунарка, п. Сосенское, ул. Ясная, 11;26
Москва, ул. Киевская, 7;27
Москва, Шелепихинская наб, 34к3;28
Москва, Зелёный пр-т, 27а;29
Москва, ул. Академика Анохина, 10;30
Москва, ул. Эдварда грига, 17;31
Москва, ул. Маршала Тимошенко, 17к1;32
Москва, ул. Каховка, 23к5;33
Москва, ул. Дмитриевского, 16;34
Москва, ул. Поляны, 5;35
Москва, ул. Народного ополчения, 15к2;36
Москва, Мичуринский проспект, 80;37
Москва, ул. Героев Панфиловцев, 7к3;38
Москва, Севастопольский проспект, 28к8;39
Москва, ул. Эдварда Грига, 15;40
Москва, ул. Поляны, 5;41
Москва, ул. Римского-Корсакова, 11с12;42
Москва, ул. Поляны, 5ак1;43
Москва, ул. Красного маяка, 22а;44
Москва, ул. Римского-Корсакова, 11с12;45
Москва, Ленинский проспект, 127с1;46
Москва, ул. Вавилова, 5к1;47
Москва, Севастопольский проспект, 51;48
Москва, ул. Екатерины Будановой, 5с2;49
Москва, ул. Улофа Пальме, 1;50
Москва, ул. Поляны, 5ак2;51
Москва, ул. Твардовского, 12к2;52
Москва, ул. Удальцова, 1к1;53
Москва, Маршала Жукова проспект, 30;54
Москва, шоссе Энтузиастов, 1к2;55
Москва, Карамышевская наб, 2а;56
Москва, ул. Поляны, 5ак1;57
Москва, Ленинский проспект, 83б;58
Москва, ул. Василисы Кожиной, 13;59
Москва, Ленинский проспект, 83б;60
Москва, ул. Маршала Захарова, 2;61
Москва, Чапаевский переулок, 3;62
Москва, Коломенская набережная, 12;63
Зеленоград, к2036;64
Москва, Дмитровское шоссе, 163с17;65
Москва, Большой Козловский переулок, 13/17;66
Москва, 2-я Черногрязская улица, 11/15;67
Москва, ул. Орджоникидзе, 11с1/2;68
Москва, ул. Крылатские Холмы, 35А;69
Москва, ул. Татарская, 7с1;70
Москва, ул.Трофимова, 36к1;71
Москва, Бродников переулок, 10к1;72
Москва, Переведеновский переулок, 21с7;73
Москва, Рублёвское шоссе, 1;74
Москва, 5-я Северная линия;75
Москва, 1-й Нижний Михайловский проезд, 18с5;76
Москва, Варсонофьевский переулок, 6;77
Москва, 2-й Силикатный проезд, 9с2;78
Москва, Мичуринский проспект, 80;79
Москва, ул. Хавская, 3;80
Москва, Балаклавский проспект, 5;81
Москва, ул. Флотская, 2;82
Москва, Ленинградский проспект, 76к3;83
Москва, Каширское шоссе, 65к3;84
Москва, ул. Илимская, 5к2;85
Москва, Ленинский проспект, 99А;86
Москва, ул. Люблинская, 14А;87
Москва, Кутузовский проспект, 26к1;88
Москва, проспект 60-летия Октября, 19к1;89
Москва, Балаклавский проспект, 1;90
Москва, Зелёный проспект, 77к2;91
Москва, проезд Дежнёва, вл9;92
Москва, ул. Дубнинская, 75с9;93
Москва, Варшавское шоссе, 152к1;94
Москва, ул. МЖД Киевское 5-й км, 5;95
Москва, Коломенская набережная, 12;96
Москва, ул. Поликарпова, 23;97
Москва, Алтуфьевское шоссе, 5А;98
Москва, 5-й Войковский проезд, 5;99
;
;
;
;
;
;
;
;
;
;
;
;
;
;
;
;
;
;
;
;
;
;
;
;
;
;
;
;
;
;
;
;
;
;
;
;
;
;
;
;
;
;
;
;
;
;
;
;
;
;
;
;
;
;
;
;
;
;
;
;
;
;
;
;
;
;
;
;
;
;
;
;
;
;
;
;
;
;
;
;
;
;
;
;
;
;
;
;
;
;
;
;
;
;
;
;
;
;
;
;
;
;
;
;
;
;
;
;
;
;
;
;
;
;
;
;
;
;
;
;
;
;
;
;
;
;
;
;
;
;
;
;
;
;
;
;
;
;
;
;
;
;
;
;
;
;
;
;
;
;
;
;
;
;
;
;
;
;
;
;
;
;
;
;
;
;
;
;
;
;
;
;
;
;
;
;
;
;
;
;
;
;
;
;
;
;
;
;
;
;
;
;
;
;
;
;
;
;
;
;
;
;
;
;
;
;
;
;
;
;
;
;
;
;
;
;
;
;
;
;
;
;
;
;
;
;
;
;
;
;
;
;
;
;
;
;
;
;
;
;
;
;
;
;
;
;
;
;
;
;
;
;
;
;
;
;
;
;
;
;
;
;
;
;
;
;
;
;
;
;
;
;
;
;
;
;
;
;
;
;
;
;
;
;
;
;
;
;
;
;
;
;
;
;
;
;
;
;
;
;
;
;
;
;
;
;
;
;
;
;
;
;
;
;
;
;
;
;
;
;
;
;
;
;
;
;
;
;
;
;
;
;
;
;
;
;
;
;
;
;
;
;
;
;
;
;
;
;
;
;
;
;
;
;
;
;
;
;
;
;
;
;
;
;
;
;
;
;
;
;
;
;
;
;
;
;
;
;
;
;
;
;
;
;
;
;
;
;
;
;
;
;
;
;
;
;
;
;
;
;
;
;
;
;
;
;
;
;
;
;
;
;
;
;
;
;
;
;
;
;
;
;
;
;
;
;
;
;
;
;
;
;
;
;
;
;
;
;
;
;
;
;
;
;
;
;
;
;
;
;
;
;
;
;
;
;
;
;
;
;
;
;
;
;
;
;
;
;
;
;
;
;
;
;
;
;
;
;
;
;
;
;
;
;
;
;
;
;
;
;
;
;
;
;
;
;
;
;
;
;
;
;
;
;
;
;
;
;
;
;
;
;
;
;
;
;
;
;
;
;
;
;
;
;
;
;
;
;
;
;
;
;
;
;
;
;
;
;
;
;
;
;
;
;
;
;
;
;
;
;
;
;
;
;
;
;
;
;
;
;
;
;
;
;
;
;
;
;
;
;
;
;
;
;
;
;
;
;
;
;
;
